{"cameraMode":{"drawMode":0,"name":"Shaded","section":"Shading Mode"},"sceneLighting":true,"audioPlay":false,"sceneViewState":{"showFog":true,"showMaterialUpdate":true,"showSkybox":true,"showFlares":true,"showImageEffects":true,"showParticleSystems":true},"in2DMode":false,"pivot":{"x":-2.8023312091827394,"y":78.20457458496094,"z":302.8455505371094},"rotation":{"x":-0.07046118378639221,"y":-0.9281954169273377,"z":0.2334706336259842,"w":-0.2816570997238159},"size":2.3566715717315676,"orthographic":false}