{"cameraMode":{"drawMode":0,"name":"Shaded","section":"Shading Mode"},"sceneLighting":true,"audioPlay":false,"sceneViewState":{"showFog":true,"showMaterialUpdate":true,"showSkybox":true,"showFlares":true,"showImageEffects":true,"showParticleSystems":true},"in2DMode":false,"pivot":{"x":1191.054931640625,"y":161.8826446533203,"z":972.8091430664063},"rotation":{"x":0.08164720982313156,"y":-0.8735076785087586,"z":0.1563856601715088,"w":0.4541190564632416},"size":2.3566715717315676,"orthographic":false}